{"CubeExists":[[[true],[true],[true],[true]],[[true],[true],[true],[true]],[[true],[true],[true],[true]],[[false],[true],[true],[false]]],"Extents":{"XMax":102.557999,"XMin":-105.907997,"YMax":127.623001,"YMin":-153.192001,"ZMax":-49.634174,"ZMin":-85.393402,"XSize":208.465996,"YSize":280.815002,"ZSize":35.759227999999993},"GridSize":{"X":4,"Y":4,"Z":1}}